{
  "width": 640,
  "height": 480,
  "fx": 604.7410888671875,
  "fy": 604.288330078125,
  "ppx": 318.4608459472656,
  "ppy": 245.38023376464844
}